Title;Image;Paragraph
Nuevos jefes de la Policía fueron puestos en funciones, declarándose un "bloqueo administrativo" en la provincia;https://www.reconquistahoy.com/content/bucket/5/88275w164h133c.jpg.webp;<img src="https://www.reconquistahoy.com/content/bucket/7/88277w770h513c.jpg.webp"> Este lunes 11 de diciembre de 2023, en el Instituto de Seguridad Pública, el gobernador Maximiliano Pullaro y el ministro de Justicia y Seguridad, Pablo Cococcioni, pusieron en funciones a las nuevas autoridades de la cartera provincial, entre ellos, al jefe de la Policía, Luis Maldonado (exjefe de la Unidad Regional IX del Departamento General Obligado), y el subjefe, Daniel Filchel. <a href="https://www.reconquistahoy.com/42510-que-dijo-en-reconquistahoy-el-nuevo-jefe-de-la-unidad-regional-ix-audio-">exjefe</a> En el acto, Pullaro destacó que "durante muchos años demostramos juntos que podíamos darle una batalla sin cuartel al delito, al crimen organizado, y a aquellos personajes que se creían intocables. Por nosotros, por nuestra Policía, la Policía que ustedes representan, hoy están tras las rejas". El gobernador remarcó que "indudablemente el carácter que demuestra la Policía cuando tiene una conducción clara, con órdenes precisas y firmes, y cuenta con el respaldo de las autoridades políticas, hace que a los delincuentes le tengan miedo, que a los delincuentes les tiemble la pera, como alguna vez dijo quien fuera Jefe de policía de la provincia Santa Fe", exclamó el gobernador. Por su parte, el ministro Cococcioni, indicó que "en cumplimiento de los mandatos del gobernador, vamos a poner a la Policía en la calle y a retomar el control de las cárceles, de manera de reordenar la operatividad policial y dotarlo de recursos". "BLOQUEO ADMINISTRATIVO" "Necesitamos a la Policía en la calle desde hoy: tenemos 23 mil efectivos en la fuerza que tienen que salir a velar por la seguridad de nuestras ciudades. Por eso, como primera medida, hemos decidido un bloqueo administrativo policial durante 90 días para que los policías salgan a la calle a realizar tareas netamente de prevención o patrullaje y que esas funciones que venían cumpliendo sean tomadas por otros estamentos del estado o por personal de planta civil", expresó el ministro. Cococcioni también destacó que "otra de las cosas que nos preocupa es la cantidad de móviles en desuso o rotos que encontramos. Hoy contamos con una flota de patrulleros mínima para realizar tareas de prevención, investigación y patrullaje. Por eso hoy temprano ingresamos con técnicos mecánicos a las principales Unidades Regionales para relevar toda la flota que está inactiva y poder recuperar a corto y mediano plazo la mayor cantidad posible de móviles". "Vamos a arreglar y comprar todos los recursos que hagan falta para gestionar la seguridad, hoy estamos en un momento que ya no es emergencia, ya es terminal, y tenemos la decisión y el apoyo del gobernador para utilizar todos los recursos necesarios para mejorar la prevención y reforzar los patrullajes en todo el territorio provincial", agregó el funcionario provincial. <img src=""> <a href="https://get.adobe.com/flashplayer/">Flash plugin</a> <img src="https://www.reconquistahoy.com/content/bucket/8/88278w770h513c.jpg.webp">
Últimos días para inscribirse al Centro de Capacitación en Oficios;https://www.reconquistahoy.com/content/bucket/9/88269w164h133c.jpg.webp;Hasta el 15 de diciembre de 2023 están abiertas las inscripciones para el ciclo 2024 del Centro Municipal de Capacitación en Oficios de Reconquista. Éste ofrece ocho oficios de manera gratuita, con la posibilidad de obtener la certificación provincial al concluir satisfactoriamente cada curso: Carpintería; Electricidad; Construcción; Corte y confección de indumentaria; Peluquería y barbería; Panificación y pastelería; e Informática. Para informes e inscripción, acercarse a calle Entre Ríos al 1577 de la ciudad, en los siguientes horarios: Lunes a viernes: 08:00 a 12:00 horas; Martes y jueves: 14:00 a 17:00 horas. ReconquistaHOY transmitió EN VIVO- Directo con la palabra de Cintia Gamarra. <img src="https://www.reconquistahoy.com/content/bucket/5/88275w770h433c.jpg.webp">
Investigadora del INTA Reconquista viajó a Perú por un intercambio;https://www.reconquistahoy.com/content/bucket/4/88274w164h133c.jpg.webp;<img src="https://www.reconquistahoy.com/content/bucket/9/88269w770h578c.jpg.webp"> Melina Almada, doctora en Ciencias Biológicas, del Instituto Nacional de Tecnología Agropecuaria (INTA) Reconquista, participó del intercambio en el Instituto Nacional de Investigación Agraria (INIA) de Perú. Esta iniciativa se enmarca dentro de la convocatoria de becas de movilidad con enfoque de género para investigadores de la provincia de Santa Fe. El propósito principal de este intercambio fue profundizar el conocimiento en el uso y manejo de controladores naturales en la producción agrícola. Melina se dedica a la entomología y el Manejo Integrado de Plagas en cultivos agrícolas. Aprovechó el viaje para compartir conocimientos y experiencias con colegas peruanos. El viaje permitió afianzar lazos entre instituciones de investigación de ambos países - que ya tienen historia en este tipo de intercambios - y ampliar el conocimiento sobre el cultivo del algodón en Perú. Durante su estadía, la investigadora participó en actividades en los laboratorios de Biotecnología, Conservación Genética y Agricultura de Precisión en INIA Central en Lima. También, visitó la Universidad Pedro Ruiz Gallo en Chiclayo para intercambiar experiencias sobre el control de plagas, con énfasis en controladores biológicos, y conocer los recursos genéticos y las diversas especies de algodón que poseen en su arboreto. "Ellos tienen una gran producción de insectos que actúan como depredadores, controladores biológicos y funcionan como herramienta para poder controlar una de las principales, por ejemplo, como el gusano cogollero, que afecta al cultivo de maíz principalmente. De esta manera evitan el uso de agroquímicos", comenta Almada. Además, la investigadora fue ponente en el Primer Seminario Internacional de Intercambio de experiencias en Biotecnología realizado por la Universidad César Vallejo filial Chiclayo-Perú, disertando sobre la "Diversidad de Artrópodos en los agroecosistemas y su importancia para la sostenibilidad ambiental". "Durante mi recorrido en Perú visité la Estación Experimental de Vista Florida que queda en la ciudad de Chiclayo. Donde tienen un banco de germoplasma del cultivo de algodón peruano. Pude aprender sobre ciclos biológicos y formas de producción y de liberación de los controladores naturales hacia las plagas en el cultivo de algodón y maíz, principalmente", detalló la profesional. En ese sentido, se destacó la colaboración entre INTA e INIA como "base fundamental para futuras acciones en conjunto", ya que "este intercambio de conocimientos, experiencias y la consolidación de vínculos entre instituciones son esenciales para avanzar hacia una producción agrícola más sostenible y eficiente". Desde la EEA INTA Reconquista se enfatiza la importancia de este intercambio en el fortalecimiento del sector algodonero y la conservación de la biodiversidad. <img src="https://www.reconquistahoy.com/content/bucket/0/88270h720.jpg.webp"> <img src="https://www.reconquistahoy.com/content/bucket/1/88271h720.jpg.webp"> <img src="https://www.reconquistahoy.com/content/bucket/2/88272h720.jpg.webp"> <img src="https://www.reconquistahoy.com/content/bucket/3/88273h720.jpg.webp">
En Reconquista, organizan un Festival Navideño con varios shows en vivo;https://www.reconquistahoy.com/content/bucket/6/88266w164h133c.jpg.webp;El próximo sábado 16 de diciembre de 2023, a las 21:00 horas, se llevará adelante un Festival Navideño, con entrada libre y gratuita, en el patio de la Capilla "Nuestra Señora de la Paz" del Barrio Lanceros del Sauce de Reconquista. Actuarán Código Nativo, Agustín Fernández, Miguel Ángel Basimiani, Aura, Los Ramones, El JJ del Chamamé, Dúo Lapacho, El Pícaro del Chamamé, Darío Sandrigo y Valeria Spontón. Habrá pesebre viviente, sorteos, servicio de buffet, y se aceptará donación de alimentos. En la conducción estarán Alejandro "Moncho" Aguirre y Vlaeria Spontón. Se sugiere llevar silletas. ¡Todos invitados!
Mediante decreto, Pullaro eliminó la no repitencia en el nivel secundario;https://www.reconquistahoy.com/content/bucket/4/88264w164h133c.png.webp;<img src="https://www.reconquistahoy.com/content/bucket/6/88266w770h513c.jpg.webp"> Tal como lo anunció en su primer discurso ante las Cámaras legislativas, el gobernador de la provincia, Maximiliano Pullaro, firmó el decreto que pone fin a la no repitencia en las escuelas secundarias, este lunes 11 de diciembre de 2023. "Vamos a priorizar los aprendizajes; entendemos que para que eso suceda hay que poder evaluar a los chicos y que no sea todo lo mismo. Hasta ahora daba igual el chico que se esfuerza que el que no se esfuerza, el que aprende con el que no aprende, el que va a la escuela con el que no va a la escuela", explicó Pullaro. El gobernador señaló que "es muy simbólico y representativo de nuestro gobierno y nuestro método. Firmamos el decreto donde en la provincia de Santa Fe se termina la no repitencia, se termina el avance continuo. Significa que el chico que no aprenda, que no tenga los contenidos básicos y pedagógicos, no va a pasar de año como sucedió en los últimos tres años en la provincia de Santa Fe". "Vamos a esforzarnos para tener un seguimiento de cada uno de los alumnos, día a día", agregó Pullaro. Y continuó: "La no repitencia era un atajo para mostrar que los chicos terminaban la escuela cuando en realidad terminaban sin saber. Creemos que es una medida que muestra el modelo que vamos a construir en educación y en toda la agenda del gobierno de la provincia", y "significa que la cultura del esfuerzo vuelve a ser prioridad en nuestro gobierno". PLAN PROVINCIAL DE ALFABETIZACIÓN El flamante ministro de Educación de la provincia, José Goity, también hizo referencia a la importancia que tendrán estas políticas dentro del área que le toca encabezar: "Venimos trabajando hace mucho tiempo junto con el gobernador para pensar y diseñar un plan educativo para la provincia. Hay un déficit muy importante en muchas de las áreas y en muchos aspectos. Por eso empezamos a corregir algunas de esas cuestiones". Y agregó: "Tenemos una confianza muy grande en nuestro sistema, nuestros docentes y alumnos, pero también creemos que tenemos que hacer nuestra parte y, parte de eso, es que tenemos que ordenar, fijar pautas claras y mucho acompañamiento sobre cada uno de los miembros del sistema", dijo Goity. El ministro destacó otro de los anuncios del gobernador en el discurso de este domingo: "Estamos trabajando en un Plan Provincial de Alfabetización; todas las pruebas, tanto internacionales, nacionales y propias dan muestra de ese déficit. Nosotros queremos empezar a tener nuestras propias pruebas para ver el desempeño de nuestros alumnos. Ya sabemos, y la sociedad lo sabe, que hay un problema en la adquisición del lenguaje y de la lectura". "Le vamos a poner mucha energía, mucho empeño y mucho trabajo para que todos los chicos de nuestra provincia terminen tercer grado perfectamente alfabetizados. Es un deber ineludible del Estado y de la política", enfatizó Goity. <img src=""> <a href="https://get.adobe.com/flashplayer/">Flash plugin</a> <img src="https://www.reconquistahoy.com/content/bucket/7/88267w770h513c.jpg.webp">
Fuimos testigos del amoroso encuentro entre Enri Vallejos y Nati Capparelli;https://www.reconquistahoy.com/content/bucket/2/82612w164h133c.jpg.webp;<img src="https://www.reconquistahoy.com/content/bucket/4/88264w770h452c.png.webp"> En el acto de asunción de nuevas autoridades que tuvo lugar en horas de la noche del domingo 10 de diciembre de 2023, Natalia Capparelli, extendió sus felicitaciones al Intendente, Amadeo Enrique Vallejos, por el inicio de su nueva gestión. La concejal expresó su deseo de que las acciones del Intendente mejoren la calidad de vida de cada vecino de Reconquista y renovó su compromiso y disposición para contribuir en todo lo que sea necesario para el progreso de la ciudad. Manifestó su convicción de que, a través del diálogo, la aceptación de las distintas ideas y la búsqueda de consensos, se podrá trabajar para hacer de Reconquista un lugar aún mejor para vivir. Además, Capparelli expresó su entusiasmo y optimismo hacia el futuro de Reconquista y subrayó la
importancia de la unidad y la colaboración para alcanzar los objetivos comunes de la ciudad. Desde el minuto 7 del video se puede ver el meloso encuentro de Enri Vallejos y Natalia Capparelli. <img src="https://www.reconquistahoy.com/content/bucket/3/88263w770h720.png.webp"> <img src="https://www.reconquistahoy.com/content/bucket/1/88261w770h720.png.webp"> ¿Qué cambió? Natalia Capparelli estaría pronto a renunciar para ocupar un cargo provincial. Incluso ya habló en este reportaje quién sería su reemplazante en la banca de concejal hasta 2025, que dura su mandato. Dicen que Pullaro bajó línea a todos sus funcionarios que no hay que agrandarse por el triunfo y recomendó cordiales relaciones con todos. Capparelli enfrentó a Vallejos por la intendencia en las elecciones generales del 10 de septiembre de 2023, cuando ganó el actual intendente con el 52% de los votos, logrando así su tercer período como intendente, algo histórico en la ciudad, jamás logrado por nadie antes.
Este lunes juran el intendente Gonzalo Braidot y los concejales de Avellaneda;https://www.reconquistahoy.com/content/bucket/9/88259w164h133c.jpg.webp;<img src="https://www.reconquistahoy.com/content/bucket/2/82612w770h540c.jpg.webp"> El lunes 11 de diciembre de 2023, prestarán juramento y asumirán sus funciones el Intendente Gonzalo Braidot y los Concejales electos Tomás Franzoi, Natalia Gallotti Bacca y Aldo "Dito" González. El acto tendrá lugar a las 20:30 horas en Calle 13 y 12, frente a la Municipalidad de Avellaneda. El programa Sesión extraordinaria Apertura de la sesión a cargo del Vice Presidente del Concejo Municipal de Avellaneda. Lectura del Acta de Comisión de poderes. Lectura de la Resolución aprobada por la comisión de poderes. Entrega de reconocimiento del Concejo Municipal a los concejales que finalizan el mandato del periodo 2019 – 2023. Palabras de despedida de los concejales salientes. Retiro de los concejales con mandato cumplido. Invitación a incorporarse a la mesa de deliberaciones a los concejales electos. Juramento de práctica a los concejales electos por parte del vicepresidente a cargo de presidencia del Concejo Municipal y entrega de Diplomas. Palabras de bienvenida a los nuevos concejales y de agradecimiento a quienes finalizan su mandato, a cargo del Presidente del Concejo Municipal. Toma de Juramento de Práctica al Intendente electo, Gonzalo Braidot. Entrega de la documentación contable municipal y el arqueo de Caja al Intendente. Invitación a quienes integraran el Ejecutivo Municipal al escenario. Toma de juramento de práctica por parte del Intendente Municipal. Mensaje del Intendente. Cierre de la Sesión Extraordinaria.
Falleció el científico que advirtió que en el Río Paraná había más glifosato que en un campo sembrado con soja;https://www.reconquistahoy.com/content/bucket/3/88253w164h133c.jpg.webp;<img src="https://www.reconquistahoy.com/content/bucket/9/88259w770h509c.jpg.webp"> Damián Marino era doctor en Exactas y licenciado en Química, investigador del Conicet, referente de los estudios sobre agrotóxicos. Había colaborado con un estudio sobre el río Paraná con resultados impactantes: encontraron tres veces más glifosato en el agua que en los campos sembrados con soja. El Conicet La Plata comunicó el fallecimiento del científico Damián Marino, quien se desempeñaba como investigador independiente en el Centro de Investigaciones del Medioambiente de la institución en La Plata y era reconocido como uno de los principales estudiosos de los efectos de los agrotóxicos sobre la salud humana y el medio ambiente. Doctor en Ciencias Exactas y licenciado en Química con orientación en Química Orgánica por la Universidad Nacional de La Plata, Marino se especializaba en temáticas vinculadas a la contaminación ambiental. Fue autor de gran cantidad de trabajos reconocidos a nivel internacional acerca del impacto de la distribución de plaguicidas, pesticidas y fármacos veterinarios. Marino era profesor asociado ordinario del Departamento de Química de la Facultad de Ciencias Exactas en La Plata, donde dictaba materias de la Licenciatura en Química y Tecnología Ambiental. Desde esa unidad académica destacaron su labor en extensión universitaria y su activa militancia y compromiso por los derechos socioambientales de los pueblos. "Fue un formador de equipos de trabajo en docencia, investigación y extensión, y su legado será continuado por todas y todos quienes lo conocieron", subrayaron. INFORMACIÓN ALARMANTE Uno de los trabajos de los que fue protagonista se realizó en el río Paraná y sus afluentes, con un monitoreo en 23 puntos que arrojó datos alarmantes para la provincia de Santa Fe. "Navegamos desde el Pilcomayo hasta su desembocadura en el Río de la Plata, tomando muestras en ríos y arroyos afluentes, del agua y sedimentos del fondo, para ver cómo se movilizaban materiales. Y claramente pudimos ver que a partir de la provincia de Santa Fe y bajando empezaban a aparecer en los sedimentos concentraciones de glifosato", señaló hace poco. "La concentración era de 8 miligramos por kilogramo, lo cual es similar en proporción a la presencia que tienen otros contenidos básicos naturales, como el hierro. Por eso el glifosato es relevante. Que un contaminante, una sustancia sintética hecha por el hombre, esté en el fondo del río al mismo nivel que otros componentes naturales, es alarmante" agregó. Esa proporción, señaló entonces, es tres veces mayor a la que se encuentra en un campo sembrado con soja, lo cual pone en evidencia la alta deriva de los químicos usados en el agro: "Hay más glifosato en nuestros ríos que en la tierra", recalcó. No hay "buenas prácticas" menos dañinas Uno de los temas recurrentes en las reuniones que mantuvo Marino con referentes de productores y ambientales, dijo, era el de la promoción de buenas prácticas como alternativa a la prohibición del glifosato. Pero el investigador fue tajante en ese punto: "¿Cuántos productores que simultáneamente salen a aplicar estos productos podemos acompañar en el proceso? Las buenas prácticas son un mito. Hablamos de elementos y procesos físico-químicos incontrolables en condiciones ambientales variables. Lo único controlable es si abrimos o no el grifo. Si usamos o no usamos". Y resumió: "El de las buenas prácticas es un argumento de las grandes compañías para no poner en cuestión el modelo productivo. Y estamos ante un modelo productivo que está desmadrado". Científicos de la UNLP advierten que el glifosato está en todos lados El Glifosato es un herbicida con potencial carcinogénico, desarrollado para la eliminación de hierbas y de arbustos Investigadores de la Facultad de Ciencias Exactas de la Universidad Nacional de La Plata advierten que los residuos de este peligroso herbicida con potencial carcinogénico están presenten, en diferentes concentraciones, en la lluvia que cae en el centro de nuestra ciudad, en el algodón, gasas, peces, en las lagunas, en distintos alimentos que consumimos, en todo nuestro sistema ambiental. El glifosato es un herbicida de amplio espectro, desarrollado para la eliminación de hierbas y de arbustos. Tiene efecto por contacto con las hojas y algunos estudios proponen su traslocación desde las raíces. El uso de este herbicida es objeto de controversia desde el punto de vista toxicológico y ambiental. Los argentinos tenemos una exposición continua y sostenida a este compuesto y a otros tantos plaguicidas. Existen relevamientos en niños en zonas fumigadas donde se ha demostrado el daño genético respecto a un grupo control, el que ha sido asociado con la exposición a plaguicidas. Particularmente, el glifosato ha sido asociado a Linfoma no Hodgkin, en aplicadores en Estados Unidos. Damián Marino, científico del Centro de Investigaciones del Medioambiente (CIM), un organismo de doble dependencia UNLP-Conicet, remarcó: "el glifosato es una molécula muy pequeña que tiene la función de ser un herbicida generalista porque no discrimina, sino que mata todo aquello que sea verde a excepción de un organismo genéticamente modificado como la soja, el maíz o el algodón. Con el tiempo, algunas especies después de 20 años del uso de este compuesto comenzaron a hacerse resistentes, motivo por el cual debió aumentarse la cantidad del químico por hectárea". Según Marino, "en los últimos 10 años entraron más de 1000 millones de litros de glifosato. Este número pone a la Argentina en el primer puesto a nivel mundial en la cantidad de uso de plaguicidas por habitante por año (10 litros de plaguicidas por habitante por año)". Y detalló: "en las distintas muestras ambientales que se toman en nuestro país, se puede ver que el glifosato ocupa entre el 80 o 90 % de la carga másica total de plaguicidas de la muestra". CADA VEZ MÁS "Cuando arrancó hace 20 años el modelo de agroproducción extensivo en base a transgénico, se usaban en el país 3 litros de glifosato por hectárea por año. Hoy el promedio es de 15 litros de glifosato por hectárea por año, y en el caso del algodón hasta 40 litros por hectárea por año. Las dosis han ido aumentando porque ya no hacen el mismo efecto que hacían al principio y esto se debe a la resistencia que van generando las distintas especies", explicó el investigador. Para Marino "cuando hablamos del modelo productivo tenemos que entender que se trata de un modelo de base química, el glifosato está destruyendo los distintos ecosistemas, produciendo una pérdida de la biodiversidad, ya que por ejemplo al eliminar determinada planta también se elimina la especie animal que depositaba sus huevos en esa planta, consecuentemente a la especie que se alimentaba de ese bicho, lo que provoca la destrucción de la flora y la fauna autóctonas". El glifosato es un contaminante pseudopersistente en suelos, como se puede demostrar en el estudio realizado entre el CIM y el INTA, ello significa que en el ambiente no ha logrado degradar la cantidad que ingresa, y se acumula a razón de un miligramo por kilo por año. Un estudio del CIM a nivel regional demostró que cuando llueve en el centro de la ciudad de La Plata, cae glifosato y otros herbicidas, asociados a la gota de lluvia. Esto se comprobó midiendo la concentración de este compuesto en distintos eventos de lluvia en el caso urbano de la ciudad. Los investigadores del CIM también comprobaron que el glifosato está en la cuenca del río Paraná - Paraguay, tramo argentino, que es la más importante del país, tanto como fuente de provisión de agua para consumo humano, como asociada a distintas actividades productivas. En esta cuenca, el herbicida está presente sobre todo en el tramo medio inferior en la zona que va dese la provincia de Santa Fe hasta la ciudad de Lujan en la provincia de Buenos Aires, que fue el último punto del monitoreo. Los expertos del CIM encontraron hasta 8 miligramos por kilo (considerando el glifosato y su metabólito AMPA), en los sedimentos de fondo de los distintos ríos y arroyos que desembocan en el Paraná, una concentración de glifosato en el fondo de los ríos entre 2 y 4 veces superior al que se encuentra en promedio en un suelo cultivado con soja. Y explicaron: "al fondo del río el glifosato llega por dos procesos: la escorrentía, cuando llueve todos los campos tienen pendientes que van hacia los ríos o arroyos, y el otro es el atmosférico, la erosión eólica sobre los suelos cultivados por lo que es altamente probable que los sedimentos de los ríos de la región pampeana tengan glifosato". El investigador contó que en una de las investigaciones realizadas compararon entre las lagunas patagónicas y las lagunas de la provincia de Buenos Aires y quedó demostrado que en las primeras no hay glifosato y en las bonaerenses si, incluso en las lagunas de menor superficie se encontraba en mayor concentración respecto de espejos de agua de gran extensión. El CIM también demostró que el glifosato está en el algodón que tenemos en el botiquín de una casa y en las gasas que se usan en los hospitales. La vía alimentaria es otra forma de exposición al herbicida, al consumir por ejemplo las verduras que provienen de campos trabajados con barbecho químico. (Publicado por la Universidad Nacional de La Plata en el año 2019) Malestar por lo que se venía Marino había publicado un mensaje en su cuenta de Facebook donde comunicaba que había estado en un centro de salud por un pico de estrés. "Luego de estar hace 10 días mal y un fin de semana en cama, recién vengo de la guardia del sanatorio", señaló en ese posteo. Y agregó que el diagnóstico fue un "pico gigante de estrés". Sobre eso, explicaba: "¿Y cómo no voy a tener un pico de estrés? Tengo equipamiento comprado a un dólar oficial que va a llegar el 12 (de diciembre) y no voy a poder retirar de la aduana por la devaluación que hará (el próximo presidente, Javier) Milei. Cuando ves caer los planes bianuales de proyectos a pedazos y lo peor y más conmovedor de todo, cuando becarios y pasantes brillantes con los que uno trabaja vienen a preguntarte si sus becas continúan o cómo sigue su futuro". Marino participó de numerosos estudios en el CIMA (Centro de Investigación de Medio Ambiente, de la Facultad de Ciencias Exactas de la Universidad Nacional de La Plata) y con la Red de Seguridad Alimentaria del Conicet. (Agradecemos información a la Universidad, a Dario El Ciudadano de Rosario y a <img src="https://www.reconquistahoy.com/content/bucket/5/75005h720.jpg.webp"> <img src="https://www.reconquistahoy.com/content/bucket/7/45517h720.jpg.webp"> <img src="https://www.reconquistahoy.com/content/bucket/1/44081h720.jpg.webp"> <img src="https://www.reconquistahoy.com/content/bucket/0/33050h720.jpg.webp">
Otro siniestro vial en Avellaneda resultó con un vecino lesionado;https://www.reconquistahoy.com/content/bucket/2/88252w164h133c.jpg.webp;<img src="https://www.reconquistahoy.com/content/bucket/3/88253w770h434c.jpg.webp"> A las 09:20 horas del lunes 11 de diciembre de 2023, en calles 314 y 303 de la ciudad de Avellaneda, colisionaron la motocicleta Yamaha Cripton de color negra, en la que circulaba Sergio Cataneo, 40; y el automóvil Toyota Corolla de color blanco, conducido por Matías Mendoza, 32. Tras el siniestro vial, la ambulancia de emergencias 107 trasladó a Cataneo al Hospital Regional de la ciudad de Reconquista. <img src="https://www.reconquistahoy.com/content/bucket/5/88255w770h737c.jpg.webp">
La médica Luciana Ramoa reemplazará a la Dra. Mansur en la Región de Salud;https://www.reconquistahoy.com/content/bucket/9/88249w164h133c.jpg.webp;<img src="https://www.reconquistahoy.com/content/bucket/1/88251w250h407c.jpg.webp"> La Dra. Luciana Ramoa, es quien quedará a cargo de la Región de Salud 1- Nodo Reconquista. La médica reemplazará a la Dra. Leira Mansur. Este lunes 11 de diciembre de 2023, en diálogo con ReconquistaHOY, Ramoa confirmó que será ella quien asumirá y manifestó "Nosotros somos el equipo de gestión que hacemos la transición con la Dra. Mansur". En el gobierno de Miguel Lifschitz, la médica ya fue la titular del Ministerio de Salud en la Región Reconquista, cargo que cumplió hasta el 10 de diciembre de 2019. También trabajó en el Samco de la ciudad de Avellaneda.
El Prof. Sergio García es el nuevo delegado de la Región II de Educación;https://www.reconquistahoy.com/content/bucket/5/88245w164h133c.jpg.webp;<img src="https://www.reconquistahoy.com/content/bucket/9/88249w770h434c.jpg.webp"> Así lo anunció el propio García en la mañana del lunes 11 de diciembre de 2023: "¡Es un enorme placer informarles que el equipo de Educación del Gobernador Maximiliano Pullaro, depositó su confianza en mi persona, para ser el referente territorial del Departamento General Obligado y desempeñarme como delegado de la Región II de Educación de la Provincia!", indicó el profesor Sergio García, agregando: "Espero que muchos se puedan sumar a este desafío de Educar para un futuro de progreso y bienestar". Hasta el jueves de la semana pasada, el reconquistense García, docente de Ciencias Económicas, militante de la UCR, estuvo a cargo de la Dirección de la Escuela de Enseñanza Media N.º 385 "Prof. Susana A. Maglione", ubicada en calle Islas Malvinas al 1165 de la ciudad de Reconquista, donde también se desempeñaba como profesor. En diálogo con ReconquistaHOY, Sergio García, 54; contó que hizo la primaria en la Escuela General José de San Martín, y el secundario en la Escuela Nacional de Comercio, y que sus estudios terciarios los cursó en el Instituto 4, Ángel Cárcano. Recordó que mientras dictaba clases en distintas escuelas secundarias de la ciudad, trabajó en turismo durante 15 años, para la Empresa el Pulqui y Van Tur. Fue precandidato a concejal de la ciudad de Reconquista por la Unión Cívica Radical en la lista que encabezaba Emilio Adobato el año 2015, y nuevamente en 2021 junto a Katia Passarino, y tras 25 años de carrera en la docencia asumió en reemplazo del Profesor Roberto Lorenzini. A ReconquistaHOY confirmó además que Sofía Llanes fue nombrada como coordinadora pedagógica de la Región II de Educación, y anticipó la visita de los funcionarios del ministerio esta semana en Reconquista, entre miércoles y jueves. Según contó, todavía no tuvo la oportunidad de conocer a José Goity, el flamante ministro de la cartera educativa. Ahora, en este cargo, será "el nexo" del Ministerio de Educación para implementar las políticas educativas y trabajar junto a los equipos de supervisión y directivos de cada repartición pública. <img src=""> <a href="https://get.adobe.com/flashplayer/">Flash plugin</a> LA DESPEDIDA DEL AHORA EX DELEGADO, PROFESOR ROBERTO LORENZINI: "Por esa puerta ingresé el 11 de febrero del 2020, por la misma me fui hoy 7 de diciembre del 2023",  expresó Lorenzini.  "Gracias Víctor Debloc por tanto, al personal de la Región II tod@s en mi corazón". <img src="https://www.reconquistahoy.com/content/bucket/0/88250w770h770c.jpg.webp">
En su primer día de gestión Pullaro ya dispuso las primeras órdenes operativas en materia de seguridad;https://www.reconquistahoy.com/content/bucket/6/88266w230h123c.jpg;<img src="https://www.reconquistahoy.com/content/bucket/5/88245w770h432c.jpg.webp"> El gobernador de la provincia, Maximiliano Pullaro, informó que "ya se están llevando adelante las primeras órdenes operativas" en materia de seguridad, "para empezar a ordenar el policiamiento en la calle. Creemos que es lo fundamental en este momento, en el que a los vecinos de toda la provincia, pero particularmente de la capital provincial y de Rosario, es lo que los preocupa sobremanera". Así lo indicó el mandatario durante una conferencia de prensa que brindó este lunes a primera hora en el hall de Casa de Gobierno, en la ciudad de Santa Fe, donde aseguró que "no tener la policía en calle hace que aumenten todo tipo de delitos". En ese sentido, Pullaro adelantó que "va a haber cambios en la policía", modificaciones que serán anunciadas por el ministro de Justicia y Seguridad, Pablo Cococcioni. "Vamos a hacer el cambio del jefe y del subjefe de la Policía de la Provincia, y del jefe de la Policía de Investigaciones (PDI). También vamos a firmar decretos que tienen que ver con la seguridad pública y en cómo se aborda la misma, además de una reforma administrativa y reformas normativas. Necesitamos medidas ágiles que se puedan llevar adelante". PAQUETE DE LEYES Durante el encuentro con los periodistas, Pullaro sostuvo que "tenemos una justicia cara e ineficiente, que no da respuestas", por eso vamos a plantear reformas administrativas que nos van a permitir agilizar. Aspiro a una renovación de la justicia con las herramientas institucionales que nosotros tenemos, cumpliendo la Constitución de la Provincia". El mandatario indicó también que "ya tenemos terminado un paquete de leyes. Son leyes importantes".  En ese sentido, explicó que el ministro de Gobierno e Innovación Pública, Fabián Bastía, "va a reunirse con los legisladores del oficialismo y después de la oposición, de ambas cámaras. Lo va a hacer en estos días y, en función de eso, van a ingresar las leyes". Se trata de "un paquete de leyes que nos va a permitir ser más eficientes   -agregó-. Primero en el reordenamiento de los recursos policiales y del Ministerio Público de la Acusación; ser más precisos y eficientes en las investigaciones penales; y poder ordenar de manera administrativa a la PDI". . <img src=""> <a href="https://get.adobe.com/flashplayer/">Flash plugin</a> CON SU GABINETE, PULLARO DEFINIÓ LAS PRINCIPALES ACCIONES POR ÁREA EN EL INICIO DE GESTIÓN: A primera hora de la mañana de este lunes, el gobernador Pullaro, llevó a cabo en Casa de Gobierno la primera reunión oficial de Gabinete. Luego del encuentro el ministro de Gobierno e Innovación Pública, Fabián Bastía, señaló que "formalizamos nuestra primera reunión oficial de todo el equipo; es el formato de trabajo que hemos tenido hasta este tiempo". En el encuentro, los ministros informaron al gobernador la situación de cada área. Bastía indicó que se definió "un plan de trabajo en estos primeros 20 días hasta finalizar el año 2023". Entre las primeras medidas, en materia de Seguridad, como ya anunció el gobernador, el ministro se refirió a que la Policía "va a salir a la calle. Volverá en las grandes ciudades la presencia policial", e indicó que con Protección Civil "estamos trabajando muchísimo, con un mapa de las situaciones conflictivas. Hay un equipo interministerial de distintos ministerios que va a estar abocándose a temas de la costa", debido a la creciente. En cuanto al encuentro con los legisladores para tratar el paquete de medidas urgentes, Bastía adelantó que "todas las reformas las vamos a hacer con la ley en la mano. Las herramientas son el diálogo, los consensos para concretar la legislación que necesitamos. Un diálogo que debe tener reglas de funcionamiento y tiempos". Sobre las iniciativas a concretar antes que termine 2023 sostuvo que una es "el presupuesto que está en la Legislatura y hay que habilitarlo"; y también adelantó que "vamos a mandar la Ley Tributaria porque tenemos que tenerla antes de fin de año". Además se refirió al crédito de la Agencia Francesa para el Desarrollo, que está vinculada a inversiones en medio ambiente; y al mensaje del Poder Ejecutivo que había mandado el exgobernador saliente, Omar Perotti, sobre el endeudamiento de corto plazo; y la Ley de Emergencia. Por último, se refirió al diálogo con el gobierno nacional: "Vamos a tener todas las reuniones que sean necesarias, vamos a defender Santa Fe, vamos a ir a plantear las necesidades de Santa Fe, y como siempre dijimos, todas las medidas que tome el gobierno nacional que de manera positiva influyan en el beneficio de los santafesinos, van a ser apoyados por nosotros". La primera reunión de Gabinete con la presencia del ministro de Trabajo, Empleo y Seguridad Social, el reconquistense Roald "Coco" Báscolo. PULLARO ASUMIÓ ANOCHE CON ANUNCIOS EN SEGURIDAD, EDUCACIÓN Y PRODUCCIÓN En lo que fue su primer discurso ante la Legislatura, el domingo 10 de diciembre de 2023, el gobernador de Santa Fe, Maximiliano Pullaro, trazó los lineamientos principales ejes de su gestión y particularmente las acciones que se implementarán desde este lunes 11. En materia de seguridad, anticipó que "como medida extraordinaria" se dispondrá de la presencia de "180 patrulleros en Rosario, 80 en la ciudad de Santa Fe, organizados por cuadrículas y por capas. Lo mismo vamos a realizar en las principales ciudades de la provincia, donde el delito se ha extendido a límites preocupantes". Estas acciones serán parte de "un plan de contingencia y emergencia operacional, que va a volcar todos los recursos disponibles a la prevención en calle". "Vamos a intervenir progresivamente ocho barrios en Rosario y cuatro en Santa Fe, mediante una acción estatal concertada tendiente a reducir la violencia, atacar la venta de droga, y restablecer la paz social", adelantó. También indicó que habrá rápidas medidas de controles en las cárceles: "Vamos a terminar el ‘homeoffice’ de los delincuentes desde los lugares de detención". En la semana habrá reuniones con el Gobierno nacional para acordar la llegada de refuerzos federales, que estarán bajo mando operativo del gobernador. Además, le pedirá "a los legisladores nacionales que avancen en la Ley de Derribo, a fin de que nuestros cielos no sean sistemáticamente invadidos por el narcotráfico" y adelantó que enviará un paquete de proyectos a la Legislatura provincial que incluirán: narcomenudeo, ley provincial de inteligencia, reformas al código procesal penal, reformas a la fiscalía y defensa pública, y ley provincial de ejecución de la pena". El Gobernador dejó en claro: "Nuestras fuerzas de seguridad tienen un arma reglamentaria en su cintura, y deben utilizarla en el uso progresivo de la fuerza. Este es el rol que la ley y la sociedad les encomendó". Y adelantó que se propondrá a la Legislatura la implementación de Juicio por Jurados para delitos graves, entre ellos los que pongan en cuestión el accionar policial ante los delincuentes. "Que sea la propia sociedad quien juzgue los hechos que sufre todos los días", dijo. Medidas clave Por otra parte, hizo un fuerte hincapié en las políticas educativas. "Lanzaremos un Plan Provincial de Alfabetización, transversal a todo el sistema educativo, con énfasis en los tres primeros años de primaria en articulación con el nivel inicial", aseveró. Estableció que serán 190 los días de ciclo lectivo a cumplirse, y confirmó que se llamará a paritarias a los gremios docentes en enero para empezar las clases el 26 de febrero. Además, se eliminará la no repitencia: "Derogaremos el avance continuo, porque no se trata de pasar sin saber con el único fin de disfrazar de manera ficticia las tasas de egresos", afirmó. En materia de producción e industria, sostuvo que "Santa Fe tiene todo para ser la locomotora del crecimiento nacional, con más producción, más productores, con mayor sostenibilidad, con más y mejor infraestructura productiva, exportando para crecer e innovando para exportar". "Vamos a trabajar arduamente para acompañar con acciones a las empresas y emprendimientos de nuestra Provincia", apuntó, y planteó como objetivo llevar de las 750 pymes actuales a 1500, en cuatro años. En otro tramo de su discurso, confirmó la vuelta los planes ABRE y Nueva Oportunidad, y en materia de salud, un trabajo intenso para descentralizar la atención, además de llevar adelante un Plan de Salud Mental. "Me preparé con mucha responsabilidad para este momento. Me comprometo firmemente ante todos ustedes a trabajar junto a mi equipo 24/7, cada día de estos 4 años, cada minuto que estemos despiertos, con austeridad y honestidad, para dejar una provincia mejor para todos" , concluyó Pullaro. <img src="https://www.reconquistahoy.com/content/bucket/6/88246w770h432c.jpg.webp"> EL EQUIPO "Experiencia y carácter", fueron las palabras elegidas por el gobernador electo para definir los perfiles de quienes integran el gabinete provincial. - Fabián Bastía, ministro de Gobierno e Innovación Pública Nacido en La Mora (departamento San Justo), es abogado. Desde 2019 es diputado provincial. Fue docente durante 17 años. Entre 2007 y 2015 fue subsecretario Legislativo del Senado; entre 2015 y 2019 se desempeñó como vicepresidente de la EPE. - Lisandro Enrico, ministro de Obras Públicas Oriundo de Venado Tuerto, tiene 48 años. Fue dos veces concejal en su ciudad, y lleva 4 períodos como senador por el departamento General López. - María Victoria Tejeda, ministra de Igualdad y Desarrollo Humano Nacida en la localidad de Coronda, es técnica en Gestión de Agronegocios. En 2011 fue subsecretaria de Turismo y Producción de la Municipalidad de Coronda, y en 2015 fue electa diputada provincial. En 2021 asumió en el Congreso de la Nación como diputada nacional por Santa Fe, cargo que desempeña hasta ahora. - Pablo Cococcioni, Ministro de Justicia y Seguridad Es abogado y docente de Derecho Procesal Penal en la UNL (grado y posgrado).
Entre 2007 y 2019 cumplió múltiples funciones en el Ministerio de Seguridad, incluyendo dos Secretarías (Asuntos Penitenciarios y Coordinación de Gabinete). Autor de los libros "Ejecución de la pena privativa de libertad" y "Derecho procesal penal", actualmente es asesor del Bloque UCR en la Legislatura, y coordina los equipos técnicos de Maxi Pullaro en el área Justicia y Seguridad. - Silvia Ciancio, ministra de Salud Oriunda de Elortondo (departamento General López), es médica, egresada de la Universidad Nacional de Rosario (UNR). En su recorrido gestionó hospitales de primer y segundo nivel; participó en áreas de desarrollo social en comunas y municipios; y ocupó la dirección regional de Salud en el anteriormente conocido como Nodo 5 entre 2015 y 2019. Actualmente es diputada provincial, ocupando en la Cámara Baja la presidencia de la Comisión de Salud. - Gustavo Puccini, Ministro de Desarrollo Productivo Es licenciado en Ciencias Políticas por la Universidad Nacional de Rosario. Se desempeñó 16 años en el sector privado, en una reconocida empresa de la industria de alimentos. Durante la gestión de Maxi Pullaro como ministro de Seguridad, fue secretario de Coordinación técnica y Administración financiera. Actualmente es secretario Parlamentario de la Cámara de Diputados. - Pablo Andrés Olivares, ministro de Economía Contador Público y doctor en Administración Pública, es docente universitario en grado y posgrado. Desempeñó cargos en áreas de Economía y Gobierno en diversas gestiones a nivel provincial y municipal. Desarrolló la actividad profesional asesorando a instituciones sobre distintos temas vinculados a la economía del sector público. - Roald "Coco" Báscolo, ministro de Trabajo, Empleo y Seguridad Social Licenciado en Administración de Empresas, fue presidente del Centro Industrial y Comercial del Litoral Norte. Comerciante y emprendedor, participa de las Instituciones vinculadas a la Producción. Era concejal de Reconquista. - Susana Rueda, ministra de Cultura Licenciada en Comunicación Social, tuvo amplia trayectoria en medios como periodista durante 30 años. En 2019 asumió como concejala rosarina, tarea que cumple hasta ahora, enfocada en garantizar el acceso a derechos plenos a la salud, alimentación , hábitat y seguridad de los sectores más vulnerables, y promoviendo el uso del espacio público para el disfrute del esparcimiento y la cultura de todos los ciudadanos. - José Goity, Ministro de Educación Profesor en Ciencias de la Educación y técnico superior en Comercialización, es docente regular de las asignaturas Política Educacional y Problemática de la Educación en la UNR. Fue secretario y decano por dos períodos de la Facultad de Humanidades y Artes, presidente de la Asociación Nacional de Facultades de Humanidades y Educación por dos períodos. Ejerció como docente de nivel medio y terciario, y fue secretario General de la UNR y actualmente es Secretario de Innovación y apoyo a la gestión de esa universidad. - Enrique Eloy Estévez, Ministro de Ambiente y Cambio Climático Actual diputado nacional por Santa Fe -cargo que ocupará hasta el 10 de diciembre-, fue coordinador de relaciones parlamentarias de la Municipalidad de Rosario, y concejal por esa localidad entre 2015 y 2019.
Mediante decreto, Pullaro eliminó la no repitencia en el nivel secundario;https://www.reconquistahoy.com/content/bucket/4/88264w230h123c.png;<img src="https://www.reconquistahoy.com/content/bucket/6/88266w770h513c.jpg.webp"> Tal como lo anunció en su primer discurso ante las Cámaras legislativas, el gobernador de la provincia, Maximiliano Pullaro, firmó el decreto que pone fin a la no repitencia en las escuelas secundarias, este lunes 11 de diciembre de 2023. "Vamos a priorizar los aprendizajes; entendemos que para que eso suceda hay que poder evaluar a los chicos y que no sea todo lo mismo. Hasta ahora daba igual el chico que se esfuerza que el que no se esfuerza, el que aprende con el que no aprende, el que va a la escuela con el que no va a la escuela", explicó Pullaro. El gobernador señaló que "es muy simbólico y representativo de nuestro gobierno y nuestro método. Firmamos el decreto donde en la provincia de Santa Fe se termina la no repitencia, se termina el avance continuo. Significa que el chico que no aprenda, que no tenga los contenidos básicos y pedagógicos, no va a pasar de año como sucedió en los últimos tres años en la provincia de Santa Fe". "Vamos a esforzarnos para tener un seguimiento de cada uno de los alumnos, día a día", agregó Pullaro. Y continuó: "La no repitencia era un atajo para mostrar que los chicos terminaban la escuela cuando en realidad terminaban sin saber. Creemos que es una medida que muestra el modelo que vamos a construir en educación y en toda la agenda del gobierno de la provincia", y "significa que la cultura del esfuerzo vuelve a ser prioridad en nuestro gobierno". PLAN PROVINCIAL DE ALFABETIZACIÓN El flamante ministro de Educación de la provincia, José Goity, también hizo referencia a la importancia que tendrán estas políticas dentro del área que le toca encabezar: "Venimos trabajando hace mucho tiempo junto con el gobernador para pensar y diseñar un plan educativo para la provincia. Hay un déficit muy importante en muchas de las áreas y en muchos aspectos. Por eso empezamos a corregir algunas de esas cuestiones". Y agregó: "Tenemos una confianza muy grande en nuestro sistema, nuestros docentes y alumnos, pero también creemos que tenemos que hacer nuestra parte y, parte de eso, es que tenemos que ordenar, fijar pautas claras y mucho acompañamiento sobre cada uno de los miembros del sistema", dijo Goity. El ministro destacó otro de los anuncios del gobernador en el discurso de este domingo: "Estamos trabajando en un Plan Provincial de Alfabetización; todas las pruebas, tanto internacionales, nacionales y propias dan muestra de ese déficit. Nosotros queremos empezar a tener nuestras propias pruebas para ver el desempeño de nuestros alumnos. Ya sabemos, y la sociedad lo sabe, que hay un problema en la adquisición del lenguaje y de la lectura". "Le vamos a poner mucha energía, mucho empeño y mucho trabajo para que todos los chicos de nuestra provincia terminen tercer grado perfectamente alfabetizados. Es un deber ineludible del Estado y de la política", enfatizó Goity. <img src=""> <a href="https://get.adobe.com/flashplayer/">Flash plugin</a> <img src="https://www.reconquistahoy.com/content/bucket/7/88267w770h513c.jpg.webp">
Fuimos testigos del amoroso encuentro entre Enri Vallejos y Nati Capparelli;https://www.reconquistahoy.com/content/bucket/8/88278w230h123c.jpg;<img src="https://www.reconquistahoy.com/content/bucket/4/88264w770h452c.png.webp"> En el acto de asunción de nuevas autoridades que tuvo lugar en horas de la noche del domingo 10 de diciembre de 2023, Natalia Capparelli, extendió sus felicitaciones al Intendente, Amadeo Enrique Vallejos, por el inicio de su nueva gestión. La concejal expresó su deseo de que las acciones del Intendente mejoren la calidad de vida de cada vecino de Reconquista y renovó su compromiso y disposición para contribuir en todo lo que sea necesario para el progreso de la ciudad. Manifestó su convicción de que, a través del diálogo, la aceptación de las distintas ideas y la búsqueda de consensos, se podrá trabajar para hacer de Reconquista un lugar aún mejor para vivir. Además, Capparelli expresó su entusiasmo y optimismo hacia el futuro de Reconquista y subrayó la
importancia de la unidad y la colaboración para alcanzar los objetivos comunes de la ciudad. Desde el minuto 7 del video se puede ver el meloso encuentro de Enri Vallejos y Natalia Capparelli. <img src="https://www.reconquistahoy.com/content/bucket/3/88263w770h720.png.webp"> <img src="https://www.reconquistahoy.com/content/bucket/1/88261w770h720.png.webp"> ¿Qué cambió? Natalia Capparelli estaría pronto a renunciar para ocupar un cargo provincial. Incluso ya habló en este reportaje quién sería su reemplazante en la banca de concejal hasta 2025, que dura su mandato. Dicen que Pullaro bajó línea a todos sus funcionarios que no hay que agrandarse por el triunfo y recomendó cordiales relaciones con todos. Capparelli enfrentó a Vallejos por la intendencia en las elecciones generales del 10 de septiembre de 2023, cuando ganó el actual intendente con el 52% de los votos, logrando así su tercer período como intendente, algo histórico en la ciudad, jamás logrado por nadie antes.
Nuevos jefes de la Policía fueron puestos en funciones, declarándose un "bloqueo administrativo" en la provincia;https://www.reconquistahoy.com/content/bucket/9/58119w230h123c.jpg;<img src="https://www.reconquistahoy.com/content/bucket/7/88277w770h513c.jpg.webp"> Este lunes 11 de diciembre de 2023, en el Instituto de Seguridad Pública, el gobernador Maximiliano Pullaro y el ministro de Justicia y Seguridad, Pablo Cococcioni, pusieron en funciones a las nuevas autoridades de la cartera provincial, entre ellos, al jefe de la Policía, Luis Maldonado (exjefe de la Unidad Regional IX del Departamento General Obligado), y el subjefe, Daniel Filchel. <a href="https://www.reconquistahoy.com/42510-que-dijo-en-reconquistahoy-el-nuevo-jefe-de-la-unidad-regional-ix-audio-">exjefe</a> En el acto, Pullaro destacó que "durante muchos años demostramos juntos que podíamos darle una batalla sin cuartel al delito, al crimen organizado, y a aquellos personajes que se creían intocables. Por nosotros, por nuestra Policía, la Policía que ustedes representan, hoy están tras las rejas". El gobernador remarcó que "indudablemente el carácter que demuestra la Policía cuando tiene una conducción clara, con órdenes precisas y firmes, y cuenta con el respaldo de las autoridades políticas, hace que a los delincuentes le tengan miedo, que a los delincuentes les tiemble la pera, como alguna vez dijo quien fuera Jefe de policía de la provincia Santa Fe", exclamó el gobernador. Por su parte, el ministro Cococcioni, indicó que "en cumplimiento de los mandatos del gobernador, vamos a poner a la Policía en la calle y a retomar el control de las cárceles, de manera de reordenar la operatividad policial y dotarlo de recursos". "BLOQUEO ADMINISTRATIVO" "Necesitamos a la Policía en la calle desde hoy: tenemos 23 mil efectivos en la fuerza que tienen que salir a velar por la seguridad de nuestras ciudades. Por eso, como primera medida, hemos decidido un bloqueo administrativo policial durante 90 días para que los policías salgan a la calle a realizar tareas netamente de prevención o patrullaje y que esas funciones que venían cumpliendo sean tomadas por otros estamentos del estado o por personal de planta civil", expresó el ministro. Cococcioni también destacó que "otra de las cosas que nos preocupa es la cantidad de móviles en desuso o rotos que encontramos. Hoy contamos con una flota de patrulleros mínima para realizar tareas de prevención, investigación y patrullaje. Por eso hoy temprano ingresamos con técnicos mecánicos a las principales Unidades Regionales para relevar toda la flota que está inactiva y poder recuperar a corto y mediano plazo la mayor cantidad posible de móviles". "Vamos a arreglar y comprar todos los recursos que hagan falta para gestionar la seguridad, hoy estamos en un momento que ya no es emergencia, ya es terminal, y tenemos la decisión y el apoyo del gobernador para utilizar todos los recursos necesarios para mejorar la prevención y reforzar los patrullajes en todo el territorio provincial", agregó el funcionario provincial. <img src=""> <a href="https://get.adobe.com/flashplayer/">Flash plugin</a> <img src="https://www.reconquistahoy.com/content/bucket/8/88278w770h513c.jpg.webp">
Por cuatro horas varias localidades quedarán sin energía eléctrica. El comunicado de la EPE;https://www.reconquistahoy.com/content/bucket/2/88252w230h123c.jpg;Desde la Empresa Provincial de la Energía comunicaron que el martes 12 de diciembre de 2023, se realizará un corte programado de energía eléctrica. Será de 08.00 a 12.00 horas, y afectará la zona de Garabato, Fortín Olmos, Intiyaco, Tartagal, Cañada Ombú, Los Tábanos, Los Amores y parajes aledaños. El motivo es el mantenimiento y limpieza de electroductos en la línea de media tensión.
La médica Luciana Ramoa reemplazará a la Dra. Mansur en la Región de Salud;https://www.reconquistahoy.com/content/bucket/1/80211w230h123c.png;<img src="https://www.reconquistahoy.com/content/bucket/1/88251w250h407c.jpg.webp"> La Dra. Luciana Ramoa, es quien quedará a cargo de la Región de Salud 1- Nodo Reconquista. La médica reemplazará a la Dra. Leira Mansur. Este lunes 11 de diciembre de 2023, en diálogo con ReconquistaHOY, Ramoa confirmó que será ella quien asumirá y manifestó "Nosotros somos el equipo de gestión que hacemos la transición con la Dra. Mansur". En el gobierno de Miguel Lifschitz, la médica ya fue la titular del Ministerio de Salud en la Región Reconquista, cargo que cumplió hasta el 10 de diciembre de 2019. También trabajó en el Samco de la ciudad de Avellaneda.
Chiña Firpo, Armando Contarde, Juan Carlos Páez, Rafael Solís, Ariel Davies, Nelli Nosti; y otros fallecimientos;https://www.reconquistahoy.com/content/bucket/3/88253w230h123c.jpg;Raúl Ernesto Firpo alias "Chiña" falleció a los 71 años. Domicilio: Calle Ituzaingó al 354. Esposa Mirta Buyatti. Hijos: Raúl Andrés y Darío Hernán. Velatorio: sala 3 de calle 25 de mayo al 854, el lunes 11, hasta las 21 horas; y el martes 12, a partir de las 07:00 horas. Sepelio: martes 12 de diciembre, a las 10:30 horas, en el Cementerio de Reconquista. Armando Contarde falleció a los 92 años. Domicilio: Pasaje 20 al 75 de Avellaneda. Hijos: Óscar, Liliana y Fany. Velatorio: sala 2 de calle 14 al 827 de Avellaneda, el domingo desde las 08:00 y hasta las 12:00 horas, luego va a cremación. Juan Carlos Páez falleció a los 68 años. Domicilio: España al 222, Reconquista. Esposa: Gladys Winkler. Hijos: Eliana, Mauro, y Clara. Sin velatorio va a cremación. Rafael Solís falleció a los 83 años. Domicilio: Calle 44 al 739 del Barrio Parque de Reconquista. Hija: Lidia Rafaela. Velatorio: sala velatoria del Barrio Ombusal. Sepelio: sábado 9 de diciembre, a las 17:00 horas, en el Cementerio de Reconquista Ariel Adrián Davies falleció a los 55 años. Era albañil. Domicilio: calle 8 al 85 de Guadalupe Norte. Esposa: Andrea Soledad Pucheta. Hijos: Alan, Lara y Florencia. Velatorio: sala 1 de calle 14 al 827 de Avellaneda. Cremación: sábado 9 de diciembre, a las 14:00 horas. Nelli Lucía Nosti viuda de Sartor falleció a los 91 años. Jubilada. Domicilio: calle Bartolomé Mitre de Lanteri. Esposo: Bernardo Sartor, ya fallecido. Hijos: Norma, Mari y Keli. Velatorio: sala 1 de calle Servando Bayo de Lanteri. Sepelio: viernes 8 de diciembre, a las 17:00 horas, en el Cementerio de Lanteri. Reina Martha Gutiérrez, alias "Nena", viuda de Ramseyer falleció a los 84 años. Hijos: Rubén, Jorge, Orlando, Vilma y Ariel. Velatorio: sala de calle Rivadavia al 1071 de Reconquista, a partir de las 07:00 horas del viernes 8 de diciembre. Sepelio: viernes 8 de diciembre, a la 17:30 horas, en el Cementerio de Berna. Raúl Oscar Báez falleció a los 71 años. Jubilado. Domicilio: La Sarita. Esposa: Adela Gómez: Hijos: Marisa, Lorena, Bruno, Laura, Gabriel, Cristian, Maira y Cintia. Hija del corazón: Andrea. Velatorio: sala de La Sarita. Sepelio: viernes 8 de diciembre, a las 11:00 horas, en el Cementerio de La Sarita. Cristina Vanesa Linera falleció a los 38 años. Padres: Segundo Linera y Teresa Ruíz Díaz. Concubino: Ernesto José Ibáñez. Velatorio: sala de Codesep de Villa Guillermina. Sepelio: jueves 7 de diciembre, a las 17:30 horas, en el Cementerio de Villa Guillermina. <img src="https://www.reconquistahoy.com/content/bucket/5/87945w770h597c.jpg.webp"> Mario Héctor Godoy falleció a los 75 años. Domicilio: zona urbana de Lanteri. Hijos: Raquel, Mónica, y Gisela. Velatorio: sala 1 de calle Servando Bayo de Lanteri. Sepelio: jueves 7 de diciembre, a las 11:30 horas, en el cementerio de Lanteri. Norma Noelia Pinattiviuda de Lackner falleció a los 74 años. Hijos: Liliana y Sonia. Velatorio: Sala de calle Güemes al 1317 de Malabrigo. Sepelio: jueves 7 de diciembre, a las 11:00 horas, en el Cementerio de Malabrigo. María Cristina Fierro falleció a los 71 años. Esposo: Enrique Sanabria. Hijos: Vicente y Enrique (Fallecidos), Manuel, Miguel, Viviana y Francisco. Velatorio: Sala "B" de A. Germignani al 960 de Romang. Sepelio: jueves 7 de diciembre, a las 09:00 horas, en el Cementerio de Romang. Eleuterio Mendoza falleció a los 72 años. Domicilio: Calle 21 al 3023 del Barrio Itatí de Reconquista. Hijos: Manuel, Daniel, Vanesa y Cristian. Velatorio: Sala 3 de Calle 25 de mayo al 854. Sepelio: miércoles 6 de diciembre, a las 17:00 horas, en el Cementerio de Reconquista. María del Carmen Montenegro falleció a los 73 años. Era viuda de Héctor Sandrigo. Hijo: Nicolás Sandrigo, actual secretario de Control Público de la Municipalidad de Reconquista. Velatorio: sala de calle Rivadavia al 1071 de Reconquista, a partir de las 07:00 horas del miércoles 6 de diciembre. Sepelio: miércoles 6 de diciembre, a las 11:30 horas, en el Cementerio Parque. <img src="https://www.reconquistahoy.com/content/bucket/3/87833w770h545c.jpg.webp"> Rubén Santiago Soria falleció a los 66 años. Jubilado. Domicilio: Pasaje Centro al 1128 del Barrio Belgrano de Avellaneda. Esposa: Lucrecia Luisa Segovia. Hijos: Jorgelina, Alejandra, Rene, Evelina, Luciano y Facundo. Velatorio: sala 1 de calle 14 al 827 de Avellaneda. Sepelio: miércoles 6 de diciembre, a las 10:00 horas, en el Cementerio de Avellaneda. Paulina Isabel Pereira falleció a los 78 años. Jubilada. Domicilio: calle 20 al 865 del Barrio Lourdes de Avellaneda. Esposo: Tito Gallard. Hijos: Estela, Tito Luis y Víctor, alias "Topo". Hija de corazón: Gabriela. Velatorio: sala 2 de calle 14 al 827 de Avellaneda. Sepelio: martes 5 de diciembre, a las 11:30 horas, en cementerio a confirmar. Rolando Raúl Mourglia, alias "Coco", falleció a los 62 años. Era maestro mayor de obras. Domicilio: calle 26 al 943 de Avellaneda. Esposa: Alicia Rosana Franzoi. Hijos: Caren y Aldana. Velatorio: sala 1 de calle 14 al 827 de Avellaneda. Sepelio: martes 5 de diciembre, a las 10:00 horas, en el Cementerio de Avellaneda. Sergio Daniel Zapata, alias "Mamino", falleció a los 43 años. Era soltero y jornalero. Madre: Zulma Zapata. Hermanos: Lucas y Juan. Velatorio: en la Capilla San Cayetano, en calles 3 de Junio y J. D. Perón de Romang. Sepelio: lunes 4 de diciembre, a las 15:00 horas, en el Cementerio de Romang. Ángela Gómez, alias "Anita", falleció a los 85 años. Jubilada. Domicilio: calle 68 al 185 del Barrio Virgen de Guadalupe Sur. Hermano: Gerardo Gómez. Sobrinos: Jorge Gómez, Pedro y Jesús Albornos. Sin velatorio. Sepelio: lunes 4 de diciembre, a las 10:30 horas, en el Cementerio de Reconquista. Edgardo Daniel Eichenberger alias "Franky", falleció a los 53 años. Domicilio: Calle 6 al 844 de Avellaneda. Profesión: comerciante. Esposa: Sandra Patricia Rolmiser. Madre Lidia Hurt. Padre: Valmiro Eichenberger. Hijos: Maya, Gustavo, Cristian, Matías, Facundo, y Franco. Sin velatorio, va cremación. Raúl Ricardo "El Flaco" Mussín falleció a los 61 años. Domicilio: calle 328 al 37. Profesión: Gomero. Esposa: Ángela García. Hijos: Romina, Diego, Danilo, Adrián, Cintia, Eliana y Liz. Velatorio: sala 1 de calle 14 al 827 de Avellaneda. Sepelio: domingo 3 de diciembre, a las 11:00 horas, en el Cementerio de Avellaneda. Juan Domingo González falleció a los 69 años. Domicilio: Barrio Velódromo. Profesión: jubilado, vinchuquero. Esposa: Mabel Pilar Rodríguez. Hijos: Juan, Fernando, Fani, Gabriel, y Mara. Velatorio: sala 2 de calle 25 de mayo al 854. Sepelio: domingo 3 de diciembre, a las 09:00 horas, en el Cementerio de Reconquista. Manuel Oscar González falleció a los 76 años. Domicilio San Martín al 60. Hermana: Ester. Sobrinos: Débora, Jésica, Karen, Darío, Daniela, y luz. Velatorio: salón vecinal de Barrio Almafuerte. Sepelio: sábado 2 de diciembre, a las 17:30 horas, en el Cementerio de Reconquista. María Esther "Maruca" Reguera viuda de López falleció a los 91 años. Hijos: Oscar, Lidia, Mario, Graciela, Isabel, Eduardo y Yolanda (ya fallecida). Velatorio: sala velatoria en Avellaneda, hasta las 22:00 horas del viernes 1 de diciembre y a partir de las 07:00 horas del sábado 2 de diciembre. Sepelio: sábado 2 de diciembre, a las 09:30 horas, en el Cementerio de Avellaneda.
Otro siniestro vial en Avellaneda resultó con un vecino lesionado;https://www.reconquistahoy.com/content/bucket/9/88269w230h123c.jpg;<img src="https://www.reconquistahoy.com/content/bucket/3/88253w770h434c.jpg.webp"> A las 09:20 horas del lunes 11 de diciembre de 2023, en calles 314 y 303 de la ciudad de Avellaneda, colisionaron la motocicleta Yamaha Cripton de color negra, en la que circulaba Sergio Cataneo, 40; y el automóvil Toyota Corolla de color blanco, conducido por Matías Mendoza, 32. Tras el siniestro vial, la ambulancia de emergencias 107 trasladó a Cataneo al Hospital Regional de la ciudad de Reconquista. <img src="https://www.reconquistahoy.com/content/bucket/5/88255w770h737c.jpg.webp">
Investigadora del INTA Reconquista viajó a Perú por un intercambio;https://www.reconquistahoy.com/_rv20231104-04/web/assets/imgs/logos/rh.svg;<img src="https://www.reconquistahoy.com/content/bucket/9/88269w770h578c.jpg.webp"> Melina Almada, doctora en Ciencias Biológicas, del Instituto Nacional de Tecnología Agropecuaria (INTA) Reconquista, participó del intercambio en el Instituto Nacional de Investigación Agraria (INIA) de Perú. Esta iniciativa se enmarca dentro de la convocatoria de becas de movilidad con enfoque de género para investigadores de la provincia de Santa Fe. El propósito principal de este intercambio fue profundizar el conocimiento en el uso y manejo de controladores naturales en la producción agrícola. Melina se dedica a la entomología y el Manejo Integrado de Plagas en cultivos agrícolas. Aprovechó el viaje para compartir conocimientos y experiencias con colegas peruanos. El viaje permitió afianzar lazos entre instituciones de investigación de ambos países - que ya tienen historia en este tipo de intercambios - y ampliar el conocimiento sobre el cultivo del algodón en Perú. Durante su estadía, la investigadora participó en actividades en los laboratorios de Biotecnología, Conservación Genética y Agricultura de Precisión en INIA Central en Lima. También, visitó la Universidad Pedro Ruiz Gallo en Chiclayo para intercambiar experiencias sobre el control de plagas, con énfasis en controladores biológicos, y conocer los recursos genéticos y las diversas especies de algodón que poseen en su arboreto. "Ellos tienen una gran producción de insectos que actúan como depredadores, controladores biológicos y funcionan como herramienta para poder controlar una de las principales, por ejemplo, como el gusano cogollero, que afecta al cultivo de maíz principalmente. De esta manera evitan el uso de agroquímicos", comenta Almada. Además, la investigadora fue ponente en el Primer Seminario Internacional de Intercambio de experiencias en Biotecnología realizado por la Universidad César Vallejo filial Chiclayo-Perú, disertando sobre la "Diversidad de Artrópodos en los agroecosistemas y su importancia para la sostenibilidad ambiental". "Durante mi recorrido en Perú visité la Estación Experimental de Vista Florida que queda en la ciudad de Chiclayo. Donde tienen un banco de germoplasma del cultivo de algodón peruano. Pude aprender sobre ciclos biológicos y formas de producción y de liberación de los controladores naturales hacia las plagas en el cultivo de algodón y maíz, principalmente", detalló la profesional. En ese sentido, se destacó la colaboración entre INTA e INIA como "base fundamental para futuras acciones en conjunto", ya que "este intercambio de conocimientos, experiencias y la consolidación de vínculos entre instituciones son esenciales para avanzar hacia una producción agrícola más sostenible y eficiente". Desde la EEA INTA Reconquista se enfatiza la importancia de este intercambio en el fortalecimiento del sector algodonero y la conservación de la biodiversidad. <img src="https://www.reconquistahoy.com/content/bucket/0/88270h720.jpg.webp"> <img src="https://www.reconquistahoy.com/content/bucket/1/88271h720.jpg.webp"> <img src="https://www.reconquistahoy.com/content/bucket/2/88272h720.jpg.webp"> <img src="https://www.reconquistahoy.com/content/bucket/3/88273h720.jpg.webp">